name,email,password
hari,hariharan@gmail.com,hari*1234
jack,jack@gmail.com,jack*789
ajith,ajith@gmail.com,ajith*1234
krishna,krishsna@gmail.com,krish1234
ashock,ashoke@gmail.com,as*15645156
krishna,krishna@gmail.com,krish1234
logo,logo@gmail.com,lohisa*45846
hitrh,hiyt@gmail.com,jasuihiu
whiteton,whiteton@gmail.com,12358sad
ajith,ajith@gmail.com,ajith*1234
krishna,krishnasd@gmail.com,krish1*234
krishna,krishnsaa@gmail.com,krish1234
ajsadith,ajitdsh@gmail.com,ajitsh*1234
askrissdhna,krishnasd@gmail.com,ksrish1*234
sdskrishna,krissdhnsaa@gmail.com,krissh1234